{
    "read_files": "[ data/SRR7457560.fastq.gz ]",
    "expected_format": "U",
    "compatible_fragment_ratio": 1.0,
    "num_compatible_fragments": 17171885,
    "num_assigned_fragments": 17171885,
    "num_frags_with_concordant_consistent_mappings": 17647279,
    "num_frags_with_inconsistent_or_orphan_mappings": 0,
    "strand_mapping_bias": 0.4966036407085761,
    "MSF": 0,
    "OSF": 0,
    "ISF": 0,
    "MSR": 0,
    "OSR": 0,
    "ISR": 0,
    "SF": 8763703,
    "SR": 8883576,
    "MU": 0,
    "OU": 0,
    "IU": 0,
    "U": 0
}