{
    "read_files": "[ data/SRR7457558.fastq.gz ]",
    "expected_format": "U",
    "compatible_fragment_ratio": 1.0,
    "num_compatible_fragments": 13293038,
    "num_assigned_fragments": 13293038,
    "num_frags_with_concordant_consistent_mappings": 13670369,
    "num_frags_with_inconsistent_or_orphan_mappings": 0,
    "strand_mapping_bias": 0.4972971102682012,
    "MSF": 0,
    "OSF": 0,
    "ISF": 0,
    "MSR": 0,
    "OSR": 0,
    "ISR": 0,
    "SF": 6798235,
    "SR": 6872134,
    "MU": 0,
    "OU": 0,
    "IU": 0,
    "U": 0
}