{
    "read_files": "[ data/SRR7457562.fastq.gz ]",
    "expected_format": "U",
    "compatible_fragment_ratio": 1.0,
    "num_compatible_fragments": 19836070,
    "num_assigned_fragments": 19836070,
    "num_frags_with_concordant_consistent_mappings": 20441069,
    "num_frags_with_inconsistent_or_orphan_mappings": 0,
    "strand_mapping_bias": 0.498946850578118,
    "MSF": 0,
    "OSF": 0,
    "ISF": 0,
    "MSR": 0,
    "OSR": 0,
    "ISR": 0,
    "SF": 10199007,
    "SR": 10242062,
    "MU": 0,
    "OU": 0,
    "IU": 0,
    "U": 0
}