2h,24h
ENSMUSG00000078901,ENSMUSG00000027342
ENSMUSG00000069117,ENSMUSG00000040204
ENSMUSG00000107383,ENSMUSG00000005470
ENSMUSG00000113061,ENSMUSG00000027326
ENSMUSG00000101939,ENSMUSG00000020649
ENSMUSG00000048087,ENSMUSG00000041859
ENSMUSG00000079492,ENSMUSG00000025395
ENSMUSG00000107470,ENSMUSG00000032555
ENSMUSG00000091705,ENSMUSG00000022945
ENSMUSG00000096403,ENSMUSG00000022673
ENSMUSG00000069996,ENSMUSG00000021707
ENSMUSG00000062353,ENSMUSG00000030978
ENSMUSG00000036322,ENSMUSG00000001228
ENSMUSG00000097906,ENSMUSG00000021377
ENSMUSG00000101236,ENSMUSG00000026238
ENSMUSG00000063696,ENSMUSG00000028702
ENSMUSG00000038209,ENSMUSG00000026355
ENSMUSG00000050550,ENSMUSG00000037313
ENSMUSG00000110126,ENSMUSG00000028312
ENSMUSG00000043192,ENSMUSG00000005410
ENSMUSG00000083061,ENSMUSG00000024742
ENSMUSG00000100801,ENSMUSG00000026434
ENSMUSG00000101431,ENSMUSG00000012443
ENSMUSG00000026535,ENSMUSG00000028693
ENSMUSG00000073371,ENSMUSG00000120992
ENSMUSG00000081640,ENSMUSG00000026683
ENSMUSG00000117278,ENSMUSG00000002870
ENSMUSG00000071723,ENSMUSG00000036768
ENSMUSG00000083902,ENSMUSG00000042029
ENSMUSG00000115243,ENSMUSG00000006678
ENSMUSG00000033036,ENSMUSG00000028873
ENSMUSG00000112003,ENSMUSG00000007080
ENSMUSG00000074280,ENSMUSG00000056394
ENSMUSG00000028197,ENSMUSG00000031821
ENSMUSG00000107092,ENSMUSG00000035455
ENSMUSG00000080893,ENSMUSG00000066551
ENSMUSG00000118145,ENSMUSG00000031004
ENSMUSG00000084349,ENSMUSG00000017716
ENSMUSG00000024912,ENSMUSG00000005233
ENSMUSG00002076169,ENSMUSG00000047534
ENSMUSG00000109290,ENSMUSG00000028832
ENSMUSG00000062727,ENSMUSG00000022033
ENSMUSG00000052825,ENSMUSG00000039187
ENSMUSG00000078183,ENSMUSG00000025574
ENSMUSG00000075391,ENSMUSG00000026196
ENSMUSG00000094497,ENSMUSG00000029730
ENSMUSG00000113332,ENSMUSG00000028175
ENSMUSG00000073402,ENSMUSG00000020914
ENSMUSG00000082935,ENSMUSG00000022322
ENSMUSG00000061897,ENSMUSG00000000751
ENSMUSG00000078139,ENSMUSG00000027715
ENSMUSG00000091383,ENSMUSG00000020897
ENSMUSG00000083116,ENSMUSG00000046179
ENSMUSG00000084347,ENSMUSG00000030662
ENSMUSG00000081999,ENSMUSG00000037649
ENSMUSG00000082791,ENSMUSG00000030867
ENSMUSG00000108289,ENSMUSG00000022385
ENSMUSG00000114788,ENSMUSG00000005732
ENSMUSG00000118241,ENSMUSG00000022351
ENSMUSG00000078480,ENSMUSG00000017550
ENSMUSG00000110569,ENSMUSG00000021569
ENSMUSG00000083708,ENSMUSG00000027454
ENSMUSG00000117730,ENSMUSG00000046591
ENSMUSG00000091478,ENSMUSG00000069793
ENSMUSG00000081603,ENSMUSG00000038379
ENSMUSG00000108608,ENSMUSG00000019942
ENSMUSG00000081434,ENSMUSG00000023505
ENSMUSG00000091373,ENSMUSG00000002068
ENSMUSG00000089791,ENSMUSG00000031697
ENSMUSG00000115067,ENSMUSG00000041498
ENSMUSG00000040264,ENSMUSG00000037572
ENSMUSG00000083693,ENSMUSG00000023104
ENSMUSG00000101751,ENSMUSG00000031353
ENSMUSG00000034634,ENSMUSG00000020330
ENSMUSG00000104222,ENSMUSG00000069833
ENSMUSG00000117300,ENSMUSG00000028551
ENSMUSG00000094685,ENSMUSG00000028068
ENSMUSG00000111818,ENSMUSG00000027469
ENSMUSG00000030329,ENSMUSG00000034329
ENSMUSG00000113036,ENSMUSG00000027018
ENSMUSG00000101316,ENSMUSG00000041431
ENSMUSG00000083623,ENSMUSG00000026134
ENSMUSG00000073998,ENSMUSG00000034906
ENSMUSG00000058126,ENSMUSG00000048327
ENSMUSG00000083107,ENSMUSG00000022881
ENSMUSG00000085066,ENSMUSG00000023015
ENSMUSG00000109645,ENSMUSG00000043091
ENSMUSG00002075808,ENSMUSG00000027306
ENSMUSG00000038218,ENSMUSG00000023004
ENSMUSG00000120521,ENSMUSG00000034311
ENSMUSG00000101523,ENSMUSG00000024165
ENSMUSG00000056771,ENSMUSG00000040084
ENSMUSG00000086391,ENSMUSG00000026669
ENSMUSG00000117303,ENSMUSG00000032018
ENSMUSG00000106915,ENSMUSG00000051220
ENSMUSG00000027855,ENSMUSG00000033031
ENSMUSG00000067591,ENSMUSG00000021932
ENSMUSG00000047347,ENSMUSG00000032939
ENSMUSG00000098292,ENSMUSG00000026675
ENSMUSG00000032021,ENSMUSG00000021591
ENSMUSG00000097352,ENSMUSG00000044201
ENSMUSG00000110588,ENSMUSG00000029366
ENSMUSG00002076503,ENSMUSG00000034201
ENSMUSG00000091020,ENSMUSG00000002835
ENSMUSG00000089727,ENSMUSG00000001525
ENSMUSG00000099891,ENSMUSG00000017861
ENSMUSG00000116972,ENSMUSG00000004642
ENSMUSG00000043300,ENSMUSG00000035198
ENSMUSG00000094090,ENSMUSG00000025747
ENSMUSG00000032572,ENSMUSG00000029247
ENSMUSG00000084781,ENSMUSG00000039231
ENSMUSG00000113174,ENSMUSG00000054717
ENSMUSG00000044646,ENSMUSG00000001403
ENSMUSG00000112163,ENSMUSG00000028678
ENSMUSG00000036523,ENSMUSG00000038759
ENSMUSG00000098470,ENSMUSG00000024640
ENSMUSG00000026815,ENSMUSG00000026039
ENSMUSG00000121360,ENSMUSG00000106847
ENSMUSG00000072720,ENSMUSG00000020493
ENSMUSG00000031397,ENSMUSG00000017146
ENSMUSG00000099025,ENSMUSG00000045273
ENSMUSG00000107952,ENSMUSG00000025134
ENSMUSG00000116637,ENSMUSG00000039055
ENSMUSG00000087644,ENSMUSG00000042489
ENSMUSG00000071753,ENSMUSG00000051378
ENSMUSG00000024215,ENSMUSG00000024791
ENSMUSG00000082145,ENSMUSG00000029836
ENSMUSG00000092389,ENSMUSG00000032254
ENSMUSG00000112903,ENSMUSG00000038943
ENSMUSG00000039114,ENSMUSG00000079553
ENSMUSG00000102493,ENSMUSG00000018362
ENSMUSG00000070858,ENSMUSG00000001440
ENSMUSG00000020017,ENSMUSG00000058258
ENSMUSG00000092444,ENSMUSG00000027379
ENSMUSG00000085666,ENSMUSG00000023908
ENSMUSG00000099397,ENSMUSG00000046434
ENSMUSG00000069899,ENSMUSG00000036223
ENSMUSG00000066107,ENSMUSG00000017002
ENSMUSG00000021589,ENSMUSG00000037461
ENSMUSG00000013483,ENSMUSG00000004099
ENSMUSG00000028457,ENSMUSG00000000028
ENSMUSG00000073568,ENSMUSG00000022360
ENSMUSG00000025977,ENSMUSG00000024590
ENSMUSG00000028078,ENSMUSG00000001517
ENSMUSG00000058743,ENSMUSG00000030254
ENSMUSG00000079507,ENSMUSG00000036826
ENSMUSG00000029032,ENSMUSG00000003528
ENSMUSG00000107658,ENSMUSG00000026779
ENSMUSG00000031750,ENSMUSG00000041939
ENSMUSG00000117813,ENSMUSG00000037628
ENSMUSG00000069301,ENSMUSG00000020841
ENSMUSG00000061878,ENSMUSG00000024056
ENSMUSG00000056716,ENSMUSG00000032218
ENSMUSG00000016128,ENSMUSG00000024660
ENSMUSG00000041992,ENSMUSG00000026622
ENSMUSG00000090243,ENSMUSG00000038175
ENSMUSG00000032023,ENSMUSG00000062148
ENSMUSG00000046272,ENSMUSG00000046295
ENSMUSG00000095351,ENSMUSG00000024833
ENSMUSG00000113536,ENSMUSG00000003824
ENSMUSG00000030669,ENSMUSG00000021965
ENSMUSG00000115700,ENSMUSG00000021811
ENSMUSG00000063827,ENSMUSG00000021876
ENSMUSG00000121507,ENSMUSG00000028044
ENSMUSG00000067235,ENSMUSG00000015243
ENSMUSG00000030510,ENSMUSG00000029591
ENSMUSG00000027408,ENSMUSG00000050410
ENSMUSG00000081788,ENSMUSG00000032815
ENSMUSG00000055137,ENSMUSG00000031262
ENSMUSG00000100622,ENSMUSG00000112808
ENSMUSG00000027559,ENSMUSG00000072980
ENSMUSG00000015852,ENSMUSG00000031756
ENSMUSG00000037446,ENSMUSG00000032392
ENSMUSG00000006638,ENSMUSG00000017499
ENSMUSG00000046152,ENSMUSG00000094777
ENSMUSG00000082815,ENSMUSG00000037544
ENSMUSG00000042251,ENSMUSG00000041840
ENSMUSG00000017300,ENSMUSG00000028066
ENSMUSG00000026073,ENSMUSG00000027496
ENSMUSG00000091285,ENSMUSG00000059743
ENSMUSG00000005043,ENSMUSG00000029177
ENSMUSG00000110554,ENSMUSG00000033970
ENSMUSG00000081214,ENSMUSG00000027654
ENSMUSG00000049241,ENSMUSG00000030750
ENSMUSG00000105632,ENSMUSG00000000568
ENSMUSG00000024114,ENSMUSG00000085208
ENSMUSG00000091957,ENSMUSG00000068101
ENSMUSG00000100396,ENSMUSG00000019773
ENSMUSG00000098021,ENSMUSG00000026390
ENSMUSG00000102660,ENSMUSG00000014846
ENSMUSG00000090307,ENSMUSG00000024030
ENSMUSG00000073406,ENSMUSG00000025758
ENSMUSG00000071691,ENSMUSG00000020838
ENSMUSG00000087094,ENSMUSG00000093930
ENSMUSG00000118280,ENSMUSG00000110537
ENSMUSG00000028037,ENSMUSG00000074476
ENSMUSG00000087674,ENSMUSG00000042606
ENSMUSG00000121487,ENSMUSG00000025474
ENSMUSG00000072718,ENSMUSG00000018102
ENSMUSG00000087530,ENSMUSG00000038005
ENSMUSG00000028979,ENSMUSG00000027074
ENSMUSG00000102030,ENSMUSG00000028884
ENSMUSG00000097276,ENSMUSG00000024007
ENSMUSG00000059146,ENSMUSG00000027276
ENSMUSG00000096638,ENSMUSG00000034926
ENSMUSG00000080772,ENSMUSG00000025358
ENSMUSG00000098235,ENSMUSG00000073434
ENSMUSG00000108777,ENSMUSG00000019992
ENSMUSG00000053647,ENSMUSG00000030528
ENSMUSG00000109680,ENSMUSG00000025154
ENSMUSG00000063953,ENSMUSG00000019214
ENSMUSG00000074912,ENSMUSG00000003779
ENSMUSG00000036699,ENSMUSG00000020358
ENSMUSG00000079652,ENSMUSG00000069910
ENSMUSG00000049404,ENSMUSG00000020911
ENSMUSG00000107645,ENSMUSG00000022391
ENSMUSG00000082419,ENSMUSG00000001288
ENSMUSG00000108621,ENSMUSG00000029430
ENSMUSG00000024402,ENSMUSG00000021252
ENSMUSG00000052062,ENSMUSG00000054200
ENSMUSG00000090215,ENSMUSG00000037278
ENSMUSG00000039908,ENSMUSG00000038252
ENSMUSG00000059040,ENSMUSG00000027699
ENSMUSG00000030800,ENSMUSG00000027242
ENSMUSG00000108985,ENSMUSG00000037725
ENSMUSG00000117379,ENSMUSG00000010663
ENSMUSG00000023913,ENSMUSG00000036752
ENSMUSG00000035211,ENSMUSG00000006585
ENSMUSG00000002847,ENSMUSG00000028212
ENSMUSG00000052736,ENSMUSG00000024989
ENSMUSG00000007035,ENSMUSG00000027353
ENSMUSG00000063415,ENSMUSG00000023919
ENSMUSG00000079852,ENSMUSG00000029086
ENSMUSG00000035179,ENSMUSG00000042462
ENSMUSG00000020598,ENSMUSG00000027203
ENSMUSG00000027199,ENSMUSG00000069014
ENSMUSG00000035373,ENSMUSG00000015217
ENSMUSG00000105355,ENSMUSG00000005667
ENSMUSG00000107505,ENSMUSG00000025001
ENSMUSG00000083500,ENSMUSG00000027331
ENSMUSG00000074093,ENSMUSG00000027115
ENSMUSG00000025854,ENSMUSG00000032221
ENSMUSG00000028341,ENSMUSG00000038047
ENSMUSG00000102705,ENSMUSG00000052833
ENSMUSG00000030935,ENSMUSG00000076437
ENSMUSG00000066170,ENSMUSG00000031245
ENSMUSG00000037379,ENSMUSG00000021048
ENSMUSG00000113472,ENSMUSG00000026822
ENSMUSG00000062093,ENSMUSG00000066150
ENSMUSG00000087231,ENSMUSG00000026421
ENSMUSG00000024677,ENSMUSG00000037474
ENSMUSG00000087377,ENSMUSG00000006715
ENSMUSG00000074252,ENSMUSG00000034957
ENSMUSG00000046275,ENSMUSG00000051278
ENSMUSG00000049723,ENSMUSG00000027811
ENSMUSG00000056656,ENSMUSG00000023940
ENSMUSG00000120115,ENSMUSG00000027323
ENSMUSG00000043932,ENSMUSG00000029516
ENSMUSG00000090665,ENSMUSG00000001467
ENSMUSG00000029406,ENSMUSG00000034023
ENSMUSG00000105954,ENSMUSG00000025792
ENSMUSG00000021765,ENSMUSG00000022422
ENSMUSG00000041957,ENSMUSG00000062070
ENSMUSG00000086683,ENSMUSG00000037992
ENSMUSG00000110275,ENSMUSG00000072115
ENSMUSG00000028976,ENSMUSG00000030346
ENSMUSG00000031762,ENSMUSG00000063524
ENSMUSG00000027456,ENSMUSG00000050103
ENSMUSG00000045763,ENSMUSG00000045394
ENSMUSG00000030324,ENSMUSG00000027635
ENSMUSG00000120432,ENSMUSG00000030652
ENSMUSG00000115620,ENSMUSG00000024301
ENSMUSG00000093880,ENSMUSG00000022070
ENSMUSG00000070713,ENSMUSG00000052117
ENSMUSG00000097305,ENSMUSG00000109378
ENSMUSG00000014599,ENSMUSG00000027597
ENSMUSG00000042286,ENSMUSG00000002477
ENSMUSG00000032648,ENSMUSG00000002055
ENSMUSG00000030107,ENSMUSG00000021697
ENSMUSG00000027314,ENSMUSG00000071547
ENSMUSG00000070298,ENSMUSG00000021131
ENSMUSG00000070371,ENSMUSG00000026429
ENSMUSG00000033730,ENSMUSG00000021485
ENSMUSG00000097383,ENSMUSG00000018819
ENSMUSG00000041797,ENSMUSG00000043079
ENSMUSG00000054951,ENSMUSG00000121491
ENSMUSG00000036896,ENSMUSG00000032279
ENSMUSG00000095597,ENSMUSG00000079685
ENSMUSG00000111994,ENSMUSG00000018986
ENSMUSG00000053113,ENSMUSG00000022503
ENSMUSG00000087259,ENSMUSG00000028896
ENSMUSG00000120067,ENSMUSG00000032113
ENSMUSG00000009246,ENSMUSG00000028453
ENSMUSG00000086916,ENSMUSG00000041762
ENSMUSG00000077734,ENSMUSG00000024795
ENSMUSG00000019987,ENSMUSG00000011752
ENSMUSG00000000982,ENSMUSG00000024844
ENSMUSG00000034949,ENSMUSG00000096472
ENSMUSG00000045319,ENSMUSG00000034206
ENSMUSG00000114452,ENSMUSG00000002297
ENSMUSG00000043924,ENSMUSG00000026281
ENSMUSG00000102543,ENSMUSG00000027160
ENSMUSG00000047787,ENSMUSG00000019845
ENSMUSG00000074063,ENSMUSG00000061859
ENSMUSG00000114139,ENSMUSG00000018341
ENSMUSG00000083672,ENSMUSG00000057135
ENSMUSG00000044548,ENSMUSG00000009575
ENSMUSG00000094772,ENSMUSG00000039748
ENSMUSG00000078783,ENSMUSG00000027555
ENSMUSG00000090628,ENSMUSG00000026174
ENSMUSG00000070526,ENSMUSG00000042712
ENSMUSG00000103062,ENSMUSG00000022034
ENSMUSG00000026639,ENSMUSG00000020089
ENSMUSG00000016283,ENSMUSG00000022177
ENSMUSG00000098488,ENSMUSG00000024193
ENSMUSG00000091017,ENSMUSG00000035024
ENSMUSG00000108823,ENSMUSG00000038482
ENSMUSG00000015647,ENSMUSG00000035683
ENSMUSG00000057286,ENSMUSG00000030189
ENSMUSG00000023830,ENSMUSG00000014786
ENSMUSG00000103081,ENSMUSG00000073705
ENSMUSG00000043421,ENSMUSG00000037095
ENSMUSG00000019852,ENSMUSG00000079419
ENSMUSG00000036928,ENSMUSG00000028614
ENSMUSG00000019699,ENSMUSG00000040658
ENSMUSG00000062524,ENSMUSG00000037731
ENSMUSG00000121474,ENSMUSG00000030427
ENSMUSG00000024486,ENSMUSG00000028718
ENSMUSG00000020644,ENSMUSG00000056708
ENSMUSG00000018930,ENSMUSG00000017400
ENSMUSG00000021125,ENSMUSG00000007050
ENSMUSG00000044468,ENSMUSG00000078452
ENSMUSG00000029231,ENSMUSG00000052949
ENSMUSG00000020447,ENSMUSG00000031016
ENSMUSG00000069601,ENSMUSG00000024764
ENSMUSG00000045065,ENSMUSG00000115405
ENSMUSG00000029055,ENSMUSG00000021423
ENSMUSG00000121510,ENSMUSG00000044934
ENSMUSG00000028141,ENSMUSG00000060288
ENSMUSG00000047807,ENSMUSG00000034349
ENSMUSG00000020182,ENSMUSG00000055044
ENSMUSG00000001739,ENSMUSG00000015749
ENSMUSG00000036887,ENSMUSG00000032397
ENSMUSG00000117864,ENSMUSG00000044702
ENSMUSG00000103409,ENSMUSG00000031371
ENSMUSG00000117084,ENSMUSG00000049932
ENSMUSG00000114771,ENSMUSG00000045328
ENSMUSG00000008845,ENSMUSG00000078521
ENSMUSG00000058246,ENSMUSG00000071478
ENSMUSG00000031327,ENSMUSG00000070369
ENSMUSG00000086213,ENSMUSG00000022708
ENSMUSG00000084803,ENSMUSG00000064023
ENSMUSG00000104150,ENSMUSG00000030641
ENSMUSG00000028542,ENSMUSG00000006728
ENSMUSG00000042821,ENSMUSG00000040767
ENSMUSG00000021767,ENSMUSG00000022142
ENSMUSG00000028524,ENSMUSG00000020808
ENSMUSG00000035385,ENSMUSG00000028859
ENSMUSG00000085637,ENSMUSG00000025289
ENSMUSG00000073409,ENSMUSG00000022096
ENSMUSG00000116705,ENSMUSG00000005481
ENSMUSG00000112758,ENSMUSG00000002274
ENSMUSG00000045038,ENSMUSG00000027959
ENSMUSG00000120755,ENSMUSG00000075266
ENSMUSG00000020734,ENSMUSG00000022978
ENSMUSG00000039763,ENSMUSG00000021273
ENSMUSG00000101750,ENSMUSG00000059323
ENSMUSG00000114649,ENSMUSG00000020492
ENSMUSG00000089854,ENSMUSG00000033952
ENSMUSG00000102009,ENSMUSG00000006398
ENSMUSG00000102713,ENSMUSG00000021474
ENSMUSG00000036905,ENSMUSG00000032783
ENSMUSG00000118383,ENSMUSG00000046546
ENSMUSG00000029385,ENSMUSG00000033762
ENSMUSG00000081046,ENSMUSG00000067194
ENSMUSG00000022018,ENSMUSG00000055612
ENSMUSG00000042010,ENSMUSG00000078773
ENSMUSG00000021986,ENSMUSG00000016637
ENSMUSG00000029061,ENSMUSG00000019961
ENSMUSG00000008601,ENSMUSG00000025044
ENSMUSG00000085779,ENSMUSG00000039994
ENSMUSG00000035164,ENSMUSG00000020387
ENSMUSG00000057836,ENSMUSG00000056313
ENSMUSG00000111738,ENSMUSG00000072082
ENSMUSG00000097974,ENSMUSG00000033207
ENSMUSG00000032352,ENSMUSG00000013155
ENSMUSG00000024042,ENSMUSG00000039470
ENSMUSG00000080917,ENSMUSG00000040675
ENSMUSG00000102332,ENSMUSG00000028394
ENSMUSG00000050195,ENSMUSG00000018548
ENSMUSG00000110206,ENSMUSG00000034327
ENSMUSG00000014158,ENSMUSG00000017144
ENSMUSG00000075297,ENSMUSG00000021391
ENSMUSG00000033863,ENSMUSG00000035704
ENSMUSG00000104728,ENSMUSG00000085295
ENSMUSG00000031595,ENSMUSG00000048922
ENSMUSG00000004552,ENSMUSG00000057406
ENSMUSG00000121352,ENSMUSG00000034773
ENSMUSG00000015312,ENSMUSG00000036181
ENSMUSG00000048142,ENSMUSG00000036777
ENSMUSG00000034117,ENSMUSG00000039396
ENSMUSG00000111069,ENSMUSG00000033282
ENSMUSG00000064280,ENSMUSG00000029414
ENSMUSG00000121300,ENSMUSG00000031497
ENSMUSG00000082762,ENSMUSG00000047757
ENSMUSG00000037849,ENSMUSG00000015501
ENSMUSG00000022747,ENSMUSG00000021175
ENSMUSG00000043931,ENSMUSG00000025403
ENSMUSG00000024430,ENSMUSG00000023947
ENSMUSG00000079262,ENSMUSG00000018983
ENSMUSG00000102548,ENSMUSG00000054364
ENSMUSG00000113041,ENSMUSG00000017417
ENSMUSG00000121398,ENSMUSG00000030088
ENSMUSG00000026885,ENSMUSG00000025507
ENSMUSG00000109005,ENSMUSG00000023345
ENSMUSG00000004837,ENSMUSG00000056054
ENSMUSG00000025856,ENSMUSG00000053128
ENSMUSG00000000861,ENSMUSG00000059436
ENSMUSG00000002100,ENSMUSG00000029687
ENSMUSG00000028133,ENSMUSG00000031023
ENSMUSG00000026628,ENSMUSG00000035842
ENSMUSG00000034883,ENSMUSG00000036678
ENSMUSG00000037681,ENSMUSG00000030677
ENSMUSG00000029718,ENSMUSG00000031129
ENSMUSG00000038422,ENSMUSG00000070392
ENSMUSG00000096320,ENSMUSG00000037466
ENSMUSG00000027932,ENSMUSG00000029379
ENSMUSG00000039765,ENSMUSG00000040339
ENSMUSG00000054582,ENSMUSG00000045751
ENSMUSG00000120883,ENSMUSG00000038527
ENSMUSG00000097295,ENSMUSG00000105263
ENSMUSG00000061039,ENSMUSG00000056592
ENSMUSG00000032131,ENSMUSG00000038205
ENSMUSG00000120450,ENSMUSG00000032400
ENSMUSG00000111929,ENSMUSG00000051314
ENSMUSG00000078695,ENSMUSG00000038644
ENSMUSG00000083064,ENSMUSG00000079508
ENSMUSG00000055866,ENSMUSG00000038393
ENSMUSG00000108211,ENSMUSG00000030589
ENSMUSG00000106134,ENSMUSG00000005465
ENSMUSG00000109864,ENSMUSG00000079470
ENSMUSG00000073647,ENSMUSG00000028047
ENSMUSG00000031849,ENSMUSG00000029283
ENSMUSG00000036390,ENSMUSG00000025351
ENSMUSG00000046408,ENSMUSG00000003585
ENSMUSG00000108368,ENSMUSG00000063445
ENSMUSG00000078308,ENSMUSG00000015668
ENSMUSG00000037411,ENSMUSG00000105987
ENSMUSG00000118086,ENSMUSG00000030086
ENSMUSG00000034226,ENSMUSG00000034932
ENSMUSG00000055833,ENSMUSG00000024841
ENSMUSG00000037962,ENSMUSG00000029096
ENSMUSG00000072770,ENSMUSG00000028393
ENSMUSG00000061531,ENSMUSG00000063052
ENSMUSG00000000489,ENSMUSG00000015980
ENSMUSG00000051379,ENSMUSG00000037443
ENSMUSG00000107879,ENSMUSG00000027199
ENSMUSG00000073902,ENSMUSG00000028587
ENSMUSG00000113326,ENSMUSG00000034563
ENSMUSG00000023034,ENSMUSG00000078762
ENSMUSG00000116715,ENSMUSG00000028864
ENSMUSG00000024729,ENSMUSG00000006763
ENSMUSG00000104184,ENSMUSG00000040034
ENSMUSG00000028012,ENSMUSG00000021176
ENSMUSG00000117294,ENSMUSG00000023953
ENSMUSG00000026616,ENSMUSG00000042207
ENSMUSG00000061723,ENSMUSG00000044469
ENSMUSG00000029299,ENSMUSG00000002885
ENSMUSG00000035390,ENSMUSG00000028560
ENSMUSG00000086513,ENSMUSG00000054752
ENSMUSG00000075141,ENSMUSG00000025153
ENSMUSG00000094942,ENSMUSG00000058290
ENSMUSG00000021356,ENSMUSG00000026809
ENSMUSG00000026805,ENSMUSG00000035439
ENSMUSG00000027208,ENSMUSG00000033216
ENSMUSG00000021101,ENSMUSG00000021109
ENSMUSG00000103174,ENSMUSG00000039239
ENSMUSG00000015468,ENSMUSG00000031256
ENSMUSG00000003541,ENSMUSG00000043008
ENSMUSG00000070732,ENSMUSG00000121503
ENSMUSG00000097736,ENSMUSG00000111083
ENSMUSG00000028680,ENSMUSG00000026821
ENSMUSG00000038022,ENSMUSG00000064147
ENSMUSG00000084061,ENSMUSG00000015880
ENSMUSG00000037434,ENSMUSG00000105353
ENSMUSG00000029330,ENSMUSG00000019303
ENSMUSG00000049916,ENSMUSG00000037548
ENSMUSG00000070822,ENSMUSG00000024424
ENSMUSG00000021573,ENSMUSG00000021368
ENSMUSG00000090891,ENSMUSG00000026974
ENSMUSG00000005125,ENSMUSG00000021676
ENSMUSG00000092060,ENSMUSG00000026274
ENSMUSG00000030630,ENSMUSG00000026605
ENSMUSG00000032911,ENSMUSG00000030929
ENSMUSG00000032579,ENSMUSG00000025466
ENSMUSG00000108037,ENSMUSG00000007029
ENSMUSG00000054598,ENSMUSG00000118012
ENSMUSG00000006360,ENSMUSG00000033166
ENSMUSG00000047473,ENSMUSG00000071076
ENSMUSG00000028370,ENSMUSG00000021938
ENSMUSG00000006313,ENSMUSG00000040026
ENSMUSG00000031780,ENSMUSG00000048416
ENSMUSG00000039831,ENSMUSG00000050107
ENSMUSG00000021508,ENSMUSG00000018012
ENSMUSG00000029370,ENSMUSG00000051517
ENSMUSG00000111118,ENSMUSG00000026646
ENSMUSG00000071068,ENSMUSG00000030795
ENSMUSG00000115988,ENSMUSG00000112980
ENSMUSG00000103553,ENSMUSG00000031167
ENSMUSG00000021362,ENSMUSG00000069792
ENSMUSG00000048621,ENSMUSG00000031107
ENSMUSG00000020893,ENSMUSG00000031629
ENSMUSG00000041324,ENSMUSG00000030156
ENSMUSG00000023243,ENSMUSG00000071757
ENSMUSG00000027784,ENSMUSG00000073418
ENSMUSG00000063506,ENSMUSG00000005045
ENSMUSG00000030325,ENSMUSG00000026811
ENSMUSG00000085295,ENSMUSG00000026785
ENSMUSG00000032607,ENSMUSG00000035365
ENSMUSG00000110245,ENSMUSG00000029648
ENSMUSG00000087700,ENSMUSG00000020205
ENSMUSG00000005413,ENSMUSG00000023832
ENSMUSG00000059588,ENSMUSG00000033904
ENSMUSG00000025723,ENSMUSG00000113836
ENSMUSG00000044081,ENSMUSG00000038188
ENSMUSG00000050370,ENSMUSG00000048200
ENSMUSG00000104682,ENSMUSG00000062028
ENSMUSG00000032802,ENSMUSG00000020534
ENSMUSG00000041120,ENSMUSG00000026955
ENSMUSG00000087200,ENSMUSG00000059060
ENSMUSG00000032688,ENSMUSG00000020034
ENSMUSG00000020077,ENSMUSG00000105703
ENSMUSG00000115724,ENSMUSG00000032855
ENSMUSG00000025044,ENSMUSG00000023089
ENSMUSG00000107191,ENSMUSG00000022021
ENSMUSG00000048329,ENSMUSG00000038248
ENSMUSG00000067199,ENSMUSG00000027253
ENSMUSG00000117291,ENSMUSG00000007646
ENSMUSG00000028645,ENSMUSG00000032586
ENSMUSG00000068231,ENSMUSG00000018750
ENSMUSG00000034612,ENSMUSG00000029377
ENSMUSG00000116946,ENSMUSG00000024892
ENSMUSG00000043263,ENSMUSG00000026610
ENSMUSG00000030796,ENSMUSG00000110386
ENSMUSG00000068036,ENSMUSG00000035351
ENSMUSG00000059824,ENSMUSG00000039013
ENSMUSG00000105275,ENSMUSG00000074796
ENSMUSG00000035936,ENSMUSG00000068744
ENSMUSG00000030157,ENSMUSG00000036887
ENSMUSG00000103785,ENSMUSG00000030852
ENSMUSG00000029360,ENSMUSG00000045763
ENSMUSG00000102997,ENSMUSG00000015396
ENSMUSG00000046456,ENSMUSG00000020471
ENSMUSG00000043541,ENSMUSG00000029915
ENSMUSG00000026839,ENSMUSG00000051235
ENSMUSG00000023951,ENSMUSG00000054422
ENSMUSG00000035699,ENSMUSG00000033307
ENSMUSG00000085882,ENSMUSG00000026708
ENSMUSG00000102336,ENSMUSG00000037991
ENSMUSG00000099930,ENSMUSG00000020974
ENSMUSG00000108389,ENSMUSG00000007035
ENSMUSG00000094595,ENSMUSG00000031669
ENSMUSG00000120805,ENSMUSG00000024352
ENSMUSG00000023019,ENSMUSG00000024378
ENSMUSG00000086075,ENSMUSG00000056145
ENSMUSG00000022895,ENSMUSG00000028438
ENSMUSG00000053550,ENSMUSG00000079534
ENSMUSG00000039981,ENSMUSG00000050212
ENSMUSG00000120024,ENSMUSG00000047959
ENSMUSG00000034442,ENSMUSG00000046111
ENSMUSG00000053646,ENSMUSG00000050931
ENSMUSG00000017832,ENSMUSG00000039356
ENSMUSG00000087265,ENSMUSG00000039774
ENSMUSG00000063779,ENSMUSG00000027378
ENSMUSG00000074405,ENSMUSG00000028933
ENSMUSG00000024691,ENSMUSG00000062075
ENSMUSG00000042622,ENSMUSG00000049404
ENSMUSG00000117916,ENSMUSG00000056531
ENSMUSG00000020334,ENSMUSG00000055184
ENSMUSG00000117313,ENSMUSG00000032035
ENSMUSG00000097080,ENSMUSG00000025911
ENSMUSG00000048240,ENSMUSG00000025213
ENSMUSG00000105139,ENSMUSG00000020185
ENSMUSG00000027505,ENSMUSG00000034438
ENSMUSG00000092390,ENSMUSG00000028633
ENSMUSG00000074899,ENSMUSG00000048480
ENSMUSG00000066278,ENSMUSG00000101848
ENSMUSG00000113049,ENSMUSG00000036322
ENSMUSG00000107870,ENSMUSG00000000782
ENSMUSG00000040170,ENSMUSG00000031647
ENSMUSG00000110185,ENSMUSG00000005370
ENSMUSG00000042265,ENSMUSG00000049916
ENSMUSG00000015745,ENSMUSG00000050075
ENSMUSG00000038540,ENSMUSG00000040282
ENSMUSG00000046432,ENSMUSG00000031928
ENSMUSG00000019301,ENSMUSG00000083282
ENSMUSG00000097386,ENSMUSG00000032902
ENSMUSG00000121166,ENSMUSG00000036202
ENSMUSG00000103160,ENSMUSG00000046432
ENSMUSG00000101077,ENSMUSG00000006378
ENSMUSG00000020108,ENSMUSG00000068417
ENSMUSG00000121444,ENSMUSG00000032911
ENSMUSG00000032014,ENSMUSG00000021670
ENSMUSG00000034614,ENSMUSG00000002985
ENSMUSG00000113123,ENSMUSG00000002504
ENSMUSG00000054057,ENSMUSG00000064326
ENSMUSG00000097253,ENSMUSG00000024462
ENSMUSG00000058672,ENSMUSG00000043439
ENSMUSG00000112693,ENSMUSG00000078901
ENSMUSG00000026228,ENSMUSG00000107944
ENSMUSG00000021714,ENSMUSG00000033105
ENSMUSG00000032122,ENSMUSG00000020899
ENSMUSG00000070868,ENSMUSG00000052798
ENSMUSG00000032528,ENSMUSG00000120721
ENSMUSG00000085178,ENSMUSG00000103651
ENSMUSG00000060224,ENSMUSG00000038195
ENSMUSG00000028681,ENSMUSG00000039395
ENSMUSG00000087445,ENSMUSG00000051832
ENSMUSG00000044244,ENSMUSG00000055760
ENSMUSG00000027285,ENSMUSG00000026679
ENSMUSG00000106990,ENSMUSG00000052270
ENSMUSG00000039347,ENSMUSG00000042286
ENSMUSG00000062995,ENSMUSG00000072437
ENSMUSG00000121063,ENSMUSG00000087265
ENSMUSG00000031765,ENSMUSG00000029363
ENSMUSG00000032515,ENSMUSG00000026365
ENSMUSG00000121050,ENSMUSG00000032344
ENSMUSG00000050675,ENSMUSG00000038963
ENSMUSG00000078816,ENSMUSG00000069272
ENSMUSG00000028794,ENSMUSG00000024140
ENSMUSG00000044309,ENSMUSG00000034156
ENSMUSG00000082645,ENSMUSG00000071176
ENSMUSG00000111844,ENSMUSG00000030649
ENSMUSG00000095134,ENSMUSG00000053897
ENSMUSG00000055069,ENSMUSG00000000805
ENSMUSG00000118024,ENSMUSG00000060860
ENSMUSG00000082286,ENSMUSG00000021714
ENSMUSG00000121016,ENSMUSG00000071398
ENSMUSG00000008193,ENSMUSG00000032656
ENSMUSG00000027999,ENSMUSG00000079293
ENSMUSG00000112023,ENSMUSG00000022833
ENSMUSG00000098318,ENSMUSG00000026603
ENSMUSG00000107792,ENSMUSG00000079109
ENSMUSG00000121149,ENSMUSG00000026709
ENSMUSG00000033187,ENSMUSG00000042106
ENSMUSG00000044966,ENSMUSG00000070960
ENSMUSG00000110218,ENSMUSG00000075502
ENSMUSG00000102918,ENSMUSG00000087213
ENSMUSG00000027239,ENSMUSG00000106609
ENSMUSG00000119996,ENSMUSG00000027347
ENSMUSG00000041817,ENSMUSG00000026483
ENSMUSG00000120850,ENSMUSG00000018168
ENSMUSG00000042677,ENSMUSG00000031562
ENSMUSG00000097993,ENSMUSG00000091623
ENSMUSG00000060441,ENSMUSG00000036639
ENSMUSG00000107699,ENSMUSG00000036745
ENSMUSG00000032221,ENSMUSG00000062510
ENSMUSG00000000531,ENSMUSG00000070891
ENSMUSG00000025586,ENSMUSG00000041444
ENSMUSG00000100235,ENSMUSG00000020277
ENSMUSG00000087289,ENSMUSG00000025271
ENSMUSG00000023132,ENSMUSG00000044966
ENSMUSG00000023032,ENSMUSG00000024074
ENSMUSG00000061577,ENSMUSG00000055435
ENSMUSG00000031504,ENSMUSG00000030493
ENSMUSG00000120977,ENSMUSG00000121135
ENSMUSG00000071226,ENSMUSG00000113136
ENSMUSG00000005973,ENSMUSG00000024610
ENSMUSG00000104713,ENSMUSG00000113128
ENSMUSG00000047342,ENSMUSG00000098108
ENSMUSG00000086725,ENSMUSG00000078851
ENSMUSG00000109198,ENSMUSG00000031355
ENSMUSG00000116606,ENSMUSG00000026278
ENSMUSG00000038418,ENSMUSG00000043740
ENSMUSG00000115248,ENSMUSG00000027398
ENSMUSG00000055494,ENSMUSG00000063193
ENSMUSG00000096606,ENSMUSG00000029304
ENSMUSG00000107385,ENSMUSG00000020264
ENSMUSG00000033967,ENSMUSG00000024063
ENSMUSG00000040219,ENSMUSG00000022911
ENSMUSG00000046727,ENSMUSG00000076617
ENSMUSG00000116883,ENSMUSG00000035293
ENSMUSG00000086320,ENSMUSG00000032883
ENSMUSG00000113775,ENSMUSG00000030752
ENSMUSG00000106617,ENSMUSG00000051439
ENSMUSG00000046080,ENSMUSG00000111390
ENSMUSG00000008307,ENSMUSG00000017309
ENSMUSG00000066258,ENSMUSG00000001588
ENSMUSG00000027399,ENSMUSG00000081058
ENSMUSG00000041827,ENSMUSG00000021806
ENSMUSG00000030156,ENSMUSG00000018581
ENSMUSG00000121309,ENSMUSG00000073421
ENSMUSG00000025577,ENSMUSG00000049422
ENSMUSG00000118336,ENSMUSG00000034883
ENSMUSG00000026601,ENSMUSG00000033717
ENSMUSG00000046295,ENSMUSG00000029581
ENSMUSG00000039781,ENSMUSG00000052825
ENSMUSG00000097108,ENSMUSG00000118138
ENSMUSG00000113836,ENSMUSG00000089698
ENSMUSG00000054986,ENSMUSG00000093726
ENSMUSG00000033213,ENSMUSG00000021256
ENSMUSG00000051934,ENSMUSG00000057388
ENSMUSG00000021025,ENSMUSG00000049866
ENSMUSG00000090086,ENSMUSG00000047867
ENSMUSG00000120488,ENSMUSG00000032011
ENSMUSG00000021880,ENSMUSG00000061533
ENSMUSG00000085558,ENSMUSG00000025872
ENSMUSG00000041313,ENSMUSG00000032501
ENSMUSG00000045193,ENSMUSG00000040270
ENSMUSG00000059325,ENSMUSG00000031613
ENSMUSG00000113569,ENSMUSG00000036896
ENSMUSG00000047875,ENSMUSG00000036825
ENSMUSG00000021007,ENSMUSG00000072601
ENSMUSG00000032875,ENSMUSG00000043795
ENSMUSG00000003070,ENSMUSG00000059463
ENSMUSG00000107546,ENSMUSG00000057329
ENSMUSG00000030598,ENSMUSG00000038776
ENSMUSG00000027555,ENSMUSG00000024579
ENSMUSG00000024873,ENSMUSG00000010660
ENSMUSG00000042826,ENSMUSG00000034771
ENSMUSG00000030539,ENSMUSG00000028634
ENSMUSG00000022621,ENSMUSG00000031971
ENSMUSG00000045725,ENSMUSG00000036086
ENSMUSG00000037406,ENSMUSG00000028088
ENSMUSG00000067889,ENSMUSG00000022358
ENSMUSG00000006362,ENSMUSG00000066643
ENSMUSG00000023206,ENSMUSG00000031898
ENSMUSG00000068742,ENSMUSG00000059363
ENSMUSG00000112980,ENSMUSG00000039089
ENSMUSG00000044952,ENSMUSG00000039629
ENSMUSG00000100029,ENSMUSG00000021573
ENSMUSG00000039607,ENSMUSG00000025085
ENSMUSG00000027737,ENSMUSG00000104388
ENSMUSG00000056144,ENSMUSG00000028645
ENSMUSG00000026565,ENSMUSG00000026220
ENSMUSG00000059674,ENSMUSG00000039910
ENSMUSG00000073179,ENSMUSG00000021638
ENSMUSG00000107143,ENSMUSG00000025257
ENSMUSG00000019122,ENSMUSG00000021552
ENSMUSG00000110148,ENSMUSG00000035283
ENSMUSG00000041995,ENSMUSG00000039911
ENSMUSG00000096373,ENSMUSG00000028071
ENSMUSG00000028644,ENSMUSG00000011179
ENSMUSG00000043795,ENSMUSG00000021287
ENSMUSG00000042354,ENSMUSG00000021895
ENSMUSG00000087497,ENSMUSG00000041406
ENSMUSG00000022389,ENSMUSG00000028613
ENSMUSG00000038188,ENSMUSG00000068227
ENSMUSG00000037071,ENSMUSG00000056529
ENSMUSG00000045551,ENSMUSG00000044303
ENSMUSG00000022034,ENSMUSG00000041992
ENSMUSG00000089542,ENSMUSG00000120034
ENSMUSG00000043008,ENSMUSG00000055675
ENSMUSG00000073008,ENSMUSG00000044156
ENSMUSG00000030532,ENSMUSG00000020877
ENSMUSG00000049184,ENSMUSG00000049037
ENSMUSG00000029851,ENSMUSG00000040663
ENSMUSG00000074170,ENSMUSG00000109953
ENSMUSG00000025515,ENSMUSG00000051043
ENSMUSG00000058794,ENSMUSG00000005374
ENSMUSG00000113078,ENSMUSG00000032850
ENSMUSG00000098188,ENSMUSG00000030930
ENSMUSG00000081058,ENSMUSG00000054435
ENSMUSG00000100937,ENSMUSG00000024799
ENSMUSG00000097819,ENSMUSG00000030159
ENSMUSG00000048022,ENSMUSG00000022504
ENSMUSG00000062464,ENSMUSG00000024677
ENSMUSG00000040111,ENSMUSG00000059588
ENSMUSG00000070425,ENSMUSG00000121297
ENSMUSG00000040631,ENSMUSG00000024501
ENSMUSG00000025170,ENSMUSG00000029246
ENSMUSG00000037995,ENSMUSG00000024426
ENSMUSG00000104467,ENSMUSG00000003379
ENSMUSG00000085148,ENSMUSG00000036594
ENSMUSG00000026975,ENSMUSG00000029762
ENSMUSG00000107531,ENSMUSG00000021376
ENSMUSG00000061544,ENSMUSG00000026873
ENSMUSG00000047671,ENSMUSG00000021572
ENSMUSG00000097316,ENSMUSG00000071745
ENSMUSG00000036103,ENSMUSG00000094595
ENSMUSG00000052974,ENSMUSG00000034317
ENSMUSG00000085109,ENSMUSG00000113786
ENSMUSG00000047880,ENSMUSG00000017697
ENSMUSG00000033147,ENSMUSG00000034634
ENSMUSG00000022837,ENSMUSG00000058022
ENSMUSG00000042439,ENSMUSG00000004187
ENSMUSG00000056592,ENSMUSG00000034218
ENSMUSG00000108137,ENSMUSG00000048249
ENSMUSG00000091575,ENSMUSG00000052407
ENSMUSG00000044783,ENSMUSG00000021057
ENSMUSG00000110866,ENSMUSG00000115762
ENSMUSG00000104823,ENSMUSG00000107019
ENSMUSG00000020475,ENSMUSG00000047182
ENSMUSG00000095332,ENSMUSG00000036882
ENSMUSG00000099757,ENSMUSG00000104969
ENSMUSG00000074569,ENSMUSG00000035266
ENSMUSG00000036864,ENSMUSG00000040722
ENSMUSG00000120961,ENSMUSG00000021880
ENSMUSG00000114172,ENSMUSG00000022369
ENSMUSG00000045411,ENSMUSG00000070868
ENSMUSG00000051705,ENSMUSG00000048087
ENSMUSG00000018800,ENSMUSG00000025511
ENSMUSG00000071456,ENSMUSG00000104164
ENSMUSG00000038508,ENSMUSG00000037202
ENSMUSG00000106751,ENSMUSG00000055884
ENSMUSG00000029322,ENSMUSG00000046456
ENSMUSG00000037266,ENSMUSG00000045551
ENSMUSG00000054720,ENSMUSG00000110206
ENSMUSG00000121008,ENSMUSG00000063568
ENSMUSG00000013523,ENSMUSG00000053219
ENSMUSG00000043943,ENSMUSG00000059791
ENSMUSG00000105357,ENSMUSG00000055202
ENSMUSG00000107476,ENSMUSG00000033082
ENSMUSG00000033066,ENSMUSG00000101878
ENSMUSG00000103558,ENSMUSG00000056290
ENSMUSG00000030745,ENSMUSG00000107383
ENSMUSG00000022756,ENSMUSG00000027230
ENSMUSG00000106609,ENSMUSG00000023079
ENSMUSG00000037966,ENSMUSG00000057722
ENSMUSG00000041754,ENSMUSG00000075511
ENSMUSG00000045868,ENSMUSG00000052736
ENSMUSG00000097705,ENSMUSG00000014837
ENSMUSG00000032718,ENSMUSG00000055137
ENSMUSG00000052117,ENSMUSG00000087060
ENSMUSG00000034765,ENSMUSG00000022220
ENSMUSG00000036661,ENSMUSG00000089727
ENSMUSG00000054520,ENSMUSG00000040681
ENSMUSG00000054589,ENSMUSG00000025577
ENSMUSG00000078879,ENSMUSG00000058454
ENSMUSG00000022479,ENSMUSG00000043419
ENSMUSG00000017697,ENSMUSG00000026018
ENSMUSG00000040451,ENSMUSG00000025912
ENSMUSG00000104350,ENSMUSG00000047409
ENSMUSG00000044066,ENSMUSG00000001131
ENSMUSG00000090641,ENSMUSG00000039264
ENSMUSG00000104213,ENSMUSG00000031785
ENSMUSG00000057596,ENSMUSG00000058729
ENSMUSG00000029449,ENSMUSG00000082776
ENSMUSG00000024732,ENSMUSG00000040247
ENSMUSG00000030592,ENSMUSG00000003868
ENSMUSG00000029304,ENSMUSG00000020395
ENSMUSG00000056758,ENSMUSG00000004612
ENSMUSG00000030208,ENSMUSG00000008845
ENSMUSG00000067928,ENSMUSG00000102918
ENSMUSG00000020250,ENSMUSG00000117575
ENSMUSG00000025610,ENSMUSG00000098318
ENSMUSG00000026271,ENSMUSG00000043263
ENSMUSG00000029478,ENSMUSG00000002771
ENSMUSG00000120328,ENSMUSG00000017167
ENSMUSG00000026603,ENSMUSG00000039178
ENSMUSG00000071176,ENSMUSG00000024665
ENSMUSG00000111394,ENSMUSG00000074867
ENSMUSG00000022094,ENSMUSG00000025372
ENSMUSG00000074194,ENSMUSG00000024673
ENSMUSG00000038214,ENSMUSG00000061451
ENSMUSG00000072618,ENSMUSG00000041538
ENSMUSG00000011008,ENSMUSG00000042401
ENSMUSG00000034394,ENSMUSG00000105204
ENSMUSG00000086665,ENSMUSG00000095649
ENSMUSG00000019558,ENSMUSG00000037868
ENSMUSG00000097637,ENSMUSG00000036902
ENSMUSG00000109394,ENSMUSG00000048218
ENSMUSG00000018476,ENSMUSG00000009292
ENSMUSG00000030160,ENSMUSG00000037138
ENSMUSG00000030443,ENSMUSG00000061577
ENSMUSG00000034317,ENSMUSG00000027858
ENSMUSG00000032507,ENSMUSG00000063714
ENSMUSG00000120250,ENSMUSG00000020439
ENSMUSG00000101122,ENSMUSG00000107653
ENSMUSG00000051790,ENSMUSG00000050762
ENSMUSG00000069830,ENSMUSG00000023092
ENSMUSG00000105161,ENSMUSG00000120343
ENSMUSG00000086401,ENSMUSG00000037849
ENSMUSG00000033597,ENSMUSG00000030724
ENSMUSG00000113725,ENSMUSG00002075175
ENSMUSG00000032012,ENSMUSG00000039372
ENSMUSG00000075511,ENSMUSG00000001025
ENSMUSG00000035929,ENSMUSG00000027955
ENSMUSG00000083798,ENSMUSG00000114203
ENSMUSG00000019806,ENSMUSG00000006154
ENSMUSG00000024423,ENSMUSG00000040592
ENSMUSG00000040229,ENSMUSG00000074398
ENSMUSG00000018581,ENSMUSG00000063137
ENSMUSG00000040479,ENSMUSG00000039232
ENSMUSG00000032661,ENSMUSG00000028583
ENSMUSG00000015656,ENSMUSG00000004655
ENSMUSG00000097730,ENSMUSG00000022123
ENSMUSG00000049103,ENSMUSG00000054115
ENSMUSG00000049092,ENSMUSG00000086421
ENSMUSG00000020900,ENSMUSG00000021838
ENSMUSG00000051747,ENSMUSG00000018554
ENSMUSG00000016526,ENSMUSG00000040749
ENSMUSG00000085095,ENSMUSG00000025006
ENSMUSG00000025207,ENSMUSG00000029322
ENSMUSG00000025727,ENSMUSG00000060621
ENSMUSG00000097994,ENSMUSG00000039814
ENSMUSG00000052861,ENSMUSG00000103160
ENSMUSG00000028613,ENSMUSG00000030067
ENSMUSG00000040675,ENSMUSG00000022040
ENSMUSG00000041444,ENSMUSG00000038079
ENSMUSG00000079298,ENSMUSG00000029910
ENSMUSG00000029312,ENSMUSG00000010651
ENSMUSG00000033644,ENSMUSG00000032578
ENSMUSG00000080783,ENSMUSG00000000409
ENSMUSG00000048249,ENSMUSG00000020331
ENSMUSG00000113626,ENSMUSG00000074466
ENSMUSG00000043439,ENSMUSG00000024084
ENSMUSG00000113136,ENSMUSG00000082163
ENSMUSG00000120284,ENSMUSG00000120432
ENSMUSG00000078122,ENSMUSG00000017667
ENSMUSG00000028413,ENSMUSG00000112349
ENSMUSG00000081650,ENSMUSG00000068036
ENSMUSG00000045671,ENSMUSG00000066894
ENSMUSG00000032010,ENSMUSG00000063234
ENSMUSG00000031776,ENSMUSG00000026489
ENSMUSG00000037447,ENSMUSG00000024399
ENSMUSG00000095440,ENSMUSG00000029378
ENSMUSG00000021458,ENSMUSG00000033024
ENSMUSG00000039782,ENSMUSG00000039197
ENSMUSG00000106495,ENSMUSG00000030946
ENSMUSG00000120142,ENSMUSG00000062312
ENSMUSG00000025912,ENSMUSG00000003452
ENSMUSG00000116380,ENSMUSG00000004880
ENSMUSG00000060397,ENSMUSG00000031381
ENSMUSG00000056952,ENSMUSG00000040998
ENSMUSG00000058392,ENSMUSG00000020834
ENSMUSG00000075042,ENSMUSG00000110618
ENSMUSG00000038244,ENSMUSG00000034610
ENSMUSG00000040950,ENSMUSG00000121513
ENSMUSG00000117679,ENSMUSG00000027605
ENSMUSG00000009772,ENSMUSG00000029438
ENSMUSG00000034271,ENSMUSG00000109771
ENSMUSG00000048442,ENSMUSG00000036905
ENSMUSG00000030670,ENSMUSG00000005824
ENSMUSG00000073609,ENSMUSG00000097654
ENSMUSG00000023905,ENSMUSG00000005583
ENSMUSG00000097558,ENSMUSG00000085289
ENSMUSG00000042215,ENSMUSG00000044770
ENSMUSG00000072294,ENSMUSG00000028282
ENSMUSG00000109390,ENSMUSG00000022579
ENSMUSG00000118049,ENSMUSG00000019558
ENSMUSG00000098108,ENSMUSG00000096929
ENSMUSG00000104737,ENSMUSG00000033364
ENSMUSG00000019256,ENSMUSG00000061578
ENSMUSG00000103529,ENSMUSG00000093485
ENSMUSG00000027398,ENSMUSG00000106158
ENSMUSG00000078768,ENSMUSG00000026009
ENSMUSG00000058022,ENSMUSG00000070691
ENSMUSG00000104369,ENSMUSG00000045092
ENSMUSG00000004933,ENSMUSG00000047945
ENSMUSG00000115816,ENSMUSG00000048012
ENSMUSG00000005718,ENSMUSG00000079450
ENSMUSG00000039410,ENSMUSG00000105700
ENSMUSG00000105881,ENSMUSG00000063838
ENSMUSG00000027787,ENSMUSG00000033752
ENSMUSG00000115405,ENSMUSG00000023132
ENSMUSG00000047669,ENSMUSG00000074170
ENSMUSG00000030213,ENSMUSG00000051998
ENSMUSG00000039395,ENSMUSG00000039699
ENSMUSG00000109244,ENSMUSG00000047246
ENSMUSG00000000184,ENSMUSG00000028218
ENSMUSG00000106547,ENSMUSG00000022244
ENSMUSG00000009575,ENSMUSG00000035390
ENSMUSG00000029752,ENSMUSG00000074652
ENSMUSG00000026873,ENSMUSG00000032094
ENSMUSG00000109812,ENSMUSG00000047669
ENSMUSG00000061894,ENSMUSG00000030325
ENSMUSG00000000056,ENSMUSG00000009670
ENSMUSG00000022863,ENSMUSG00000027646
ENSMUSG00000024401,ENSMUSG00000043671
ENSMUSG00000001542,ENSMUSG00000106539
ENSMUSG00000108655,ENSMUSG00000020642
ENSMUSG00000103308,ENSMUSG00000110141
ENSMUSG00000104435,ENSMUSG00000076609
ENSMUSG00000078496,ENSMUSG00000076498
ENSMUSG00000025314,ENSMUSG00000038421
ENSMUSG00000041849,ENSMUSG00000001020
ENSMUSG00000059839,ENSMUSG00000112647
ENSMUSG00000038151,ENSMUSG00000040564
ENSMUSG00000019960,ENSMUSG00000086890
ENSMUSG00000072494,ENSMUSG00000003477
ENSMUSG00000082630,ENSMUSG00000062524
ENSMUSG00000033313,ENSMUSG00000097755
ENSMUSG00000117725,ENSMUSG00000050737
ENSMUSG00000030760,ENSMUSG00000035637
ENSMUSG00000063320,ENSMUSG00000104342
ENSMUSG00000116701,ENSMUSG00000058385
ENSMUSG00000042087,ENSMUSG00000044708
ENSMUSG00000111619,ENSMUSG00000074818
ENSMUSG00000072612,ENSMUSG00000032528
ENSMUSG00000118138,ENSMUSG00000040231
ENSMUSG00000024053,ENSMUSG00000000223
ENSMUSG00000090397,ENSMUSG00000044703
ENSMUSG00000003559,ENSMUSG00000076928
ENSMUSG00000040710,ENSMUSG00000120429
ENSMUSG00000039910,ENSMUSG00000079852
ENSMUSG00000049929,ENSMUSG00000114452
ENSMUSG00000025511,ENSMUSG00000121445
ENSMUSG00000033852,ENSMUSG00000096458
ENSMUSG00000006476,ENSMUSG00000015852
ENSMUSG00000105408,ENSMUSG00000030854
ENSMUSG00000108633,ENSMUSG00000053411
ENSMUSG00000024036,ENSMUSG00002074999
ENSMUSG00000021608,ENSMUSG00000028927
ENSMUSG00000120954,ENSMUSG00000021594
ENSMUSG00000083111,ENSMUSG00000037434
ENSMUSG00000042050,ENSMUSG00000054892
ENSMUSG00000025154,ENSMUSG00000050600
ENSMUSG00000086962,ENSMUSG00000008496
ENSMUSG00000024936,ENSMUSG00000097239
ENSMUSG00000032815,ENSMUSG00000115344
ENSMUSG00000078870,ENSMUSG00000115700
ENSMUSG00000038085,ENSMUSG00000062093
ENSMUSG00000074166,ENSMUSG00000071068
ENSMUSG00000032174,ENSMUSG00000048120
ENSMUSG00000040722,ENSMUSG00000044350
ENSMUSG00000027540,ENSMUSG00000084803
ENSMUSG00000004100,ENSMUSG00000029761
ENSMUSG00000113758,ENSMUSG00000097504
ENSMUSG00000086291,ENSMUSG00000038156
ENSMUSG00000112368,ENSMUSG00000030149
ENSMUSG00000071064,ENSMUSG00000059027
ENSMUSG00000015314,ENSMUSG00000117988
ENSMUSG00000038195,ENSMUSG00000120805
ENSMUSG00000111965,ENSMUSG00000069301
ENSMUSG00000052605,ENSMUSG00000039577
ENSMUSG00000000244,ENSMUSG00000108633
ENSMUSG00000051950,ENSMUSG00000078161
ENSMUSG00000020577,ENSMUSG00000041064
ENSMUSG00000090387,ENSMUSG00000073791
ENSMUSG00000058244,ENSMUSG00000026565
ENSMUSG00000033987,ENSMUSG00000041378
ENSMUSG00000026821,ENSMUSG00000104291
ENSMUSG00000045639,ENSMUSG00000051716
ENSMUSG00000034686,ENSMUSG00000024654
ENSMUSG00000071192,ENSMUSG00000043505
ENSMUSG00000052056,ENSMUSG00000061132
ENSMUSG00000074361,ENSMUSG00000087259
ENSMUSG00000030144,ENSMUSG00000098794
ENSMUSG00000042213,ENSMUSG00000037944
ENSMUSG00000062553,ENSMUSG00000004837
ENSMUSG00000063652,ENSMUSG00000027175
ENSMUSG00000002342,ENSMUSG00000086119
ENSMUSG00000026447,ENSMUSG00000059839
ENSMUSG00000037661,ENSMUSG00000031523
ENSMUSG00000047604,ENSMUSG00000095026
ENSMUSG00000115979,ENSMUSG00000006386
ENSMUSG00000010095,ENSMUSG00000058773
ENSMUSG00000076617,ENSMUSG00000103634
ENSMUSG00000110444,ENSMUSG00000059901
ENSMUSG00000044968,ENSMUSG00000104036
ENSMUSG00000120166,ENSMUSG00000043931
ENSMUSG00000104969,ENSMUSG00000120850
ENSMUSG00000021990,ENSMUSG00000022206
ENSMUSG00000085385,ENSMUSG00000027750
ENSMUSG00000038437,ENSMUSG00000047604
ENSMUSG00000074220,ENSMUSG00000021448
ENSMUSG00000034285,ENSMUSG00000110914
ENSMUSG00000060034,ENSMUSG00000027848
ENSMUSG00000024843,ENSMUSG00000097296
ENSMUSG00000020513,ENSMUSG00000112429
ENSMUSG00000101304,ENSMUSG00000034845
ENSMUSG00000008318,ENSMUSG00000028763
ENSMUSG00000086691,ENSMUSG00000035298
ENSMUSG00000036533,ENSMUSG00000105518
ENSMUSG00000008348,ENSMUSG00000008129
ENSMUSG00000042489,ENSMUSG00000118653
ENSMUSG00000035365,ENSMUSG00000058254
ENSMUSG00000057503,ENSMUSG00000033768
ENSMUSG00000001741,ENSMUSG00000118049
ENSMUSG00000107653,ENSMUSG00000015437
ENSMUSG00000099881,ENSMUSG00000105906
ENSMUSG00000105368,ENSMUSG00000116701
ENSMUSG00000031898,ENSMUSG00000022762
ENSMUSG00000099519,ENSMUSG00000048240
ENSMUSG00000106734,ENSMUSG00000038777
ENSMUSG00000029822,ENSMUSG00000075254
ENSMUSG00000024222,ENSMUSG00000001444
ENSMUSG00000025001,ENSMUSG00000019987
ENSMUSG00000067825,ENSMUSG00000002033
ENSMUSG00000096981,ENSMUSG00000044309
ENSMUSG00000041794,ENSMUSG00000097313
ENSMUSG00000019539,ENSMUSG00000042215
ENSMUSG00000028337,ENSMUSG00000119996
ENSMUSG00000022041,ENSMUSG00000053080
ENSMUSG00000024750,ENSMUSG00000063060
ENSMUSG00000041538,ENSMUSG00000069763
ENSMUSG00000035713,ENSMUSG00000026834
ENSMUSG00000052392,ENSMUSG00000041351
ENSMUSG00000055491,ENSMUSG00000053977
ENSMUSG00000079534,ENSMUSG00000102691
ENSMUSG00000063698,ENSMUSG00000020183
ENSMUSG00000022899,ENSMUSG00000037940
ENSMUSG00000052563,ENSMUSG00000118383
ENSMUSG00000078502,ENSMUSG00000029679
ENSMUSG00000018143,ENSMUSG00000090665
ENSMUSG00000028134,ENSMUSG00000030465
ENSMUSG00000085088,ENSMUSG00000008193
ENSMUSG00000078851,ENSMUSG00000020381
ENSMUSG00000053985,ENSMUSG00000085399
ENSMUSG00000027368,ENSMUSG00000028687
ENSMUSG00000096957,ENSMUSG00000091705
ENSMUSG00000013236,ENSMUSG00000078877
ENSMUSG00000090015,ENSMUSG00000093861
ENSMUSG00000038775,ENSMUSG00000045954
ENSMUSG00000009633,ENSMUSG00000037363
ENSMUSG00000058402,ENSMUSG00000040950
ENSMUSG00000031574,ENSMUSG00000066755
ENSMUSG00000038520,ENSMUSG00000118670
ENSMUSG00000112647,ENSMUSG00000118061
ENSMUSG00000059742,ENSMUSG00000027985
ENSMUSG00000007659,ENSMUSG00000000486
ENSMUSG00000070305,ENSMUSG00000121398
ENSMUSG00000106025,ENSMUSG00000095385
ENSMUSG00000058900,ENSMUSG00000046169
ENSMUSG00000047798,ENSMUSG00000000392
ENSMUSG00000053080,ENSMUSG00000022475
ENSMUSG00000078908,ENSMUSG00000022240
ENSMUSG00000025059,ENSMUSG00000005148
ENSMUSG00000001020,ENSMUSG00000038520
ENSMUSG00000039253,ENSMUSG00002076515
ENSMUSG00000031629,ENSMUSG00000067786
ENSMUSG00000000204,ENSMUSG00000052336
ENSMUSG00000027333,ENSMUSG00000014158
ENSMUSG00000085498,ENSMUSG00000054999
ENSMUSG00000050714,ENSMUSG00000023045
ENSMUSG00000035621,ENSMUSG00000106719
ENSMUSG00000024521,ENSMUSG00000018378
ENSMUSG00000103949,ENSMUSG00000067199
ENSMUSG00000074158,ENSMUSG00000098206
ENSMUSG00000035355,ENSMUSG00000102277
ENSMUSG00000000673,ENSMUSG00000027778
ENSMUSG00000111521,ENSMUSG00000073787
ENSMUSG00000079442,ENSMUSG00000026012
ENSMUSG00000022604,ENSMUSG00000030782
ENSMUSG00000037363,ENSMUSG00000101939
ENSMUSG00000105419,ENSMUSG00000097906
ENSMUSG00000000776,ENSMUSG00000035000
ENSMUSG00000036875,ENSMUSG00000057337
ENSMUSG00000107549,ENSMUSG00000026069
ENSMUSG00000018427,ENSMUSG00000121360
ENSMUSG00000044881,ENSMUSG00000040536
ENSMUSG00000036611,ENSMUSG00000024957
ENSMUSG00000092274,ENSMUSG00000020601
ENSMUSG00000120882,ENSMUSG00000062939
ENSMUSG00000046318,ENSMUSG00000020882
ENSMUSG00000039634,ENSMUSG00000045441
ENSMUSG00000039396,ENSMUSG00000074622
ENSMUSG00000107355,ENSMUSG00000050150
ENSMUSG00000034063,ENSMUSG00000020728
ENSMUSG00000078684,ENSMUSG00000031257
ENSMUSG00000003379,ENSMUSG00000050315
ENSMUSG00000022178,ENSMUSG00000043932
ENSMUSG00000115762,ENSMUSG00000032446
ENSMUSG00000046675,ENSMUSG00000026885
ENSMUSG00000015880,ENSMUSG00000103252
ENSMUSG00000020282,ENSMUSG00000005533
ENSMUSG00000025876,ENSMUSG00000049985
ENSMUSG00000021102,ENSMUSG00000034936
ENSMUSG00000025340,ENSMUSG00000118106
ENSMUSG00000078956,ENSMUSG00000018500
ENSMUSG00000055612,ENSMUSG00000066170
ENSMUSG00000073538,ENSMUSG00000073485
ENSMUSG00000046006,ENSMUSG00000079492
ENSMUSG00000027315,ENSMUSG00000121015
ENSMUSG00000027200,ENSMUSG00000047953
ENSMUSG00000028212,ENSMUSG00000015619
ENSMUSG00000045636,ENSMUSG00000076934
ENSMUSG00000092564,ENSMUSG00000048385
ENSMUSG00000041241,ENSMUSG00000105663
ENSMUSG00000027397,ENSMUSG00000031375
ENSMUSG00000067714,ENSMUSG00000019718
ENSMUSG00000047182,ENSMUSG00000090709
ENSMUSG00000021697,ENSMUSG00000000861
ENSMUSG00000022179,ENSMUSG00000043943
ENSMUSG00000068854,ENSMUSG00000097893
ENSMUSG00000039976,ENSMUSG00000004044
ENSMUSG00000117145,ENSMUSG00000046168
ENSMUSG00000036006,ENSMUSG00000032402
ENSMUSG00000121503,ENSMUSG00000045625
ENSMUSG00000104432,ENSMUSG00000015533
ENSMUSG00000070291,ENSMUSG00000020212
ENSMUSG00000020892,ENSMUSG00000038816
ENSMUSG00000087528,ENSMUSG00000022429
ENSMUSG00000069874,ENSMUSG00000049109
ENSMUSG00000097823,ENSMUSG00000033847
ENSMUSG00000030795,ENSMUSG00000090176
ENSMUSG00000023066,ENSMUSG00000040170
ENSMUSG00000022408,ENSMUSG00000044485
ENSMUSG00000022123,ENSMUSG00000034028
ENSMUSG00000054435,ENSMUSG00000041797
ENSMUSG00000110631,ENSMUSG00000076614
ENSMUSG00000020812,ENSMUSG00000114277
ENSMUSG00000044471,ENSMUSG00000075042
ENSMUSG00000030680,ENSMUSG00000029797
ENSMUSG00000016984,ENSMUSG00000022044
ENSMUSG00000074579,ENSMUSG00000120480
ENSMUSG00000053716,ENSMUSG00000018593
ENSMUSG00000025006,ENSMUSG00000021118
ENSMUSG00000060477,ENSMUSG00000094546
ENSMUSG00000035759,ENSMUSG00000113690
ENSMUSG00000074677,ENSMUSG00000019256
ENSMUSG00000060427,ENSMUSG00000017897
ENSMUSG00000041633,ENSMUSG00000106464
ENSMUSG00000015452,ENSMUSG00000097180
ENSMUSG00000097180,ENSMUSG00000064262
ENSMUSG00000075256,ENSMUSG00000032258
ENSMUSG00000041426,ENSMUSG00000085873
ENSMUSG00000109179,ENSMUSG00000041741
ENSMUSG00000097944,ENSMUSG00000038893
ENSMUSG00000059323,ENSMUSG00000109719
ENSMUSG00000040711,ENSMUSG00000022610
ENSMUSG00000118330,ENSMUSG00000058626
ENSMUSG00000120034,ENSMUSG00000097080
ENSMUSG00000098609,ENSMUSG00000081603
ENSMUSG00000033565,ENSMUSG00000026399
ENSMUSG00000078773,ENSMUSG00000058975
ENSMUSG00000024524,ENSMUSG00000022602
ENSMUSG00000083796,ENSMUSG00000058396
ENSMUSG00000030699,ENSMUSG00000063953
ENSMUSG00000031843,ENSMUSG00000101077
ENSMUSG00000028634,ENSMUSG00000072214
ENSMUSG00000008384,ENSMUSG00000112406
ENSMUSG00000023094,ENSMUSG00000030203
ENSMUSG00000021701,ENSMUSG00000053044
ENSMUSG00000110669,ENSMUSG00000028780
ENSMUSG00000024063,ENSMUSG00000029638
ENSMUSG00000112843,ENSMUSG00000086109
ENSMUSG00000026669,ENSMUSG00000018427
ENSMUSG00000026153,ENSMUSG00000024910
ENSMUSG00000111375,ENSMUSG00000035762
ENSMUSG00000113757,ENSMUSG00000040350
ENSMUSG00000059606,ENSMUSG00000021338
ENSMUSG00000101848,ENSMUSG00000062464
ENSMUSG00000037185,ENSMUSG00000020186
ENSMUSG00000107846,ENSMUSG00000032839
ENSMUSG00000096458,ENSMUSG00000050241
ENSMUSG00000094985,ENSMUSG00000026765
ENSMUSG00000072115,ENSMUSG00000029859
ENSMUSG00000035828,ENSMUSG00000025461
ENSMUSG00000113495,ENSMUSG00000011267
ENSMUSG00000050947,ENSMUSG00000016128
ENSMUSG00000027510,ENSMUSG00000055027
ENSMUSG00000006456,ENSMUSG00000109956
ENSMUSG00000109251,ENSMUSG00000068551
ENSMUSG00000038059,ENSMUSG00000109555
ENSMUSG00000048012,ENSMUSG00000020297
ENSMUSG00000020019,ENSMUSG00000071753
ENSMUSG00000061013,ENSMUSG00000117303
ENSMUSG00000026605,ENSMUSG00000052837
ENSMUSG00000089901,ENSMUSG00000081046
ENSMUSG00000033207,ENSMUSG00000032053
ENSMUSG00000030614,ENSMUSG00000040929
ENSMUSG00000031755,ENSMUSG00000047507
ENSMUSG00000105572,ENSMUSG00000050914
ENSMUSG00000045316,ENSMUSG00000115724
ENSMUSG00000097504,ENSMUSG00000030218
ENSMUSG00000038500,ENSMUSG00000036560
ENSMUSG00000025159,ENSMUSG00000105378
ENSMUSG00000043415,ENSMUSG00000089809
ENSMUSG00000039958,ENSMUSG00000034917
ENSMUSG00000105895,ENSMUSG00000064220
ENSMUSG00000048445,ENSMUSG00000048376
ENSMUSG00000103596,ENSMUSG00000091058
ENSMUSG00000046962,ENSMUSG00000020154
ENSMUSG00000036292,ENSMUSG00000031494
ENSMUSG00000034959,ENSMUSG00000030223
ENSMUSG00000018868,ENSMUSG00000071042
,ENSMUSG00000025328
,ENSMUSG00000063696
,ENSMUSG00000070501
,ENSMUSG00000022584
,ENSMUSG00000003355
,ENSMUSG00000038354
,ENSMUSG00000097484
,ENSMUSG00000103576
,ENSMUSG00000001420
,ENSMUSG00000032739
,ENSMUSG00000033542
,ENSMUSG00000073491
,ENSMUSG00000046447
,ENSMUSG00000047022
,ENSMUSG00000082419
,ENSMUSG00000120430
,ENSMUSG00000026070
,ENSMUSG00000104118
,ENSMUSG00000052889
,ENSMUSG00000044352
,ENSMUSG00000001036
,ENSMUSG00000018238
,ENSMUSG00000047655
,ENSMUSG00000038390
,ENSMUSG00000020019
,ENSMUSG00000097262
,ENSMUSG00000041831
,ENSMUSG00000033910
,ENSMUSG00000045087
,ENSMUSG00000093456
,ENSMUSG00000024395
,ENSMUSG00000082030
,ENSMUSG00000053647
,ENSMUSG00000029381
,ENSMUSG00000051444
,ENSMUSG00000037846
,ENSMUSG00000097113
,ENSMUSG00000097336
,ENSMUSG00000030935
,ENSMUSG00000111617
,ENSMUSG00000109167
,ENSMUSG00000103544
,ENSMUSG00000029530
,ENSMUSG00000038463
,ENSMUSG00000105958
,ENSMUSG00000060716
,ENSMUSG00000031428
,ENSMUSG00000037887
,ENSMUSG00000042345
,ENSMUSG00000055022
,ENSMUSG00000043889
,ENSMUSG00000045095
,ENSMUSG00000118444
,ENSMUSG00000000884
,ENSMUSG00000039004
,ENSMUSG00000039410
,ENSMUSG00000026117
,ENSMUSG00000004633
,ENSMUSG00000028433
,ENSMUSG00000032232
,ENSMUSG00000038415
,ENSMUSG00000028965
,ENSMUSG00000087684
,ENSMUSG00000118210
,ENSMUSG00000100213
,ENSMUSG00000027840
,ENSMUSG00000097814
,ENSMUSG00000031990
,ENSMUSG00000034783
,ENSMUSG00000111116
,ENSMUSG00000042842
,ENSMUSG00000030849
,ENSMUSG00000028100
,ENSMUSG00000073008
,ENSMUSG00000086189
,ENSMUSG00000105974
,ENSMUSG00000090675
,ENSMUSG00000041361
,ENSMUSG00000025787
,ENSMUSG00000019124
,ENSMUSG00000120499
,ENSMUSG00000044814
,ENSMUSG00000000489
,ENSMUSG00000025189
,ENSMUSG00000104392
,ENSMUSG00000106244
,ENSMUSG00000120800
,ENSMUSG00000015599
,ENSMUSG00000033436
,ENSMUSG00000071716
,ENSMUSG00000107278
,ENSMUSG00000030246
,ENSMUSG00000117666
,ENSMUSG00002076503
,ENSMUSG00000049362
,ENSMUSG00000056222
,ENSMUSG00000103445
,ENSMUSG00000051984
,ENSMUSG00000070880
,ENSMUSG00000085731
,ENSMUSG00000038295
,ENSMUSG00000055799
,ENSMUSG00000047462
,ENSMUSG00000102642
,ENSMUSG00000030701
,ENSMUSG00000106288
,ENSMUSG00000005672
,ENSMUSG00000121312
,ENSMUSG00000109452
,ENSMUSG00000078763
,ENSMUSG00000099354
,ENSMUSG00000097451
,ENSMUSG00000035183
,ENSMUSG00000039485
,ENSMUSG00000086103
,ENSMUSG00000030283
,ENSMUSG00000045667
,ENSMUSG00000063646
,ENSMUSG00000039904
,ENSMUSG00000029370
,ENSMUSG00000062353
,ENSMUSG00000093490
,ENSMUSG00000061878
,ENSMUSG00000030775
,ENSMUSG00000029309
,ENSMUSG00000092212
,ENSMUSG00000110373
,ENSMUSG00000104823
,ENSMUSG00000106108
,ENSMUSG00000026495
,ENSMUSG00000085664
,ENSMUSG00000027692
,ENSMUSG00000031451
,ENSMUSG00000037922
,ENSMUSG00000099370
,ENSMUSG00000005540
,ENSMUSG00000067206
,ENSMUSG00000051844
,ENSMUSG00000118336
,ENSMUSG00000029682
,ENSMUSG00000032186
,ENSMUSG00000115869
,ENSMUSG00000105828
,ENSMUSG00000026815
,ENSMUSG00000113262
,ENSMUSG00000090417
,ENSMUSG00000035560
,ENSMUSG00000057614
,ENSMUSG00000022114
,ENSMUSG00000094437
,ENSMUSG00000020042
,ENSMUSG00000097145
,ENSMUSG00000004891
,ENSMUSG00000016028
,ENSMUSG00000030167
,ENSMUSG00000047747
,ENSMUSG00000103785
,ENSMUSG00000106976
,ENSMUSG00000042834
,ENSMUSG00000046523
,ENSMUSG00000081984
,ENSMUSG00000120705
,ENSMUSG00000046834
,ENSMUSG00000014773
,ENSMUSG00000120046
,ENSMUSG00000073931
,ENSMUSG00000117541
,ENSMUSG00000021356
,ENSMUSG00000068323
,ENSMUSG00000104063
,ENSMUSG00000032281
,ENSMUSG00000099342
,ENSMUSG00000117406
,ENSMUSG00000084821
,ENSMUSG00000102234
,ENSMUSG00000062727
,ENSMUSG00000053062
,ENSMUSG00000108634
,ENSMUSG00000097139
,ENSMUSG00000074999
,ENSMUSG00000024177
,ENSMUSG00000025964
,ENSMUSG00000048332
,ENSMUSG00000075141
,ENSMUSG00000007097
,ENSMUSG00000030616
,ENSMUSG00000038209
,ENSMUSG00000048251
,ENSMUSG00000035067
,ENSMUSG00000026535
,ENSMUSG00000029101
,ENSMUSG00000114545
,ENSMUSG00000121044
,ENSMUSG00000068105
,ENSMUSG00000112112
,ENSMUSG00000106579
,ENSMUSG00000079531
,ENSMUSG00000108354
,ENSMUSG00000020423
,ENSMUSG00000108621
,ENSMUSG00000042961
,ENSMUSG00000121218
,ENSMUSG00000036206
,ENSMUSG00000095916
,ENSMUSG00000103220
,ENSMUSG00000018459
,ENSMUSG00000107792
,ENSMUSG00000001506
,ENSMUSG00000070999
,ENSMUSG00000097416
,ENSMUSG00000108693
,ENSMUSG00000097572
,ENSMUSG00000063297
,ENSMUSG00000004558
,ENSMUSG00000045322
,ENSMUSG00000058589
,ENSMUSG00000097372
,ENSMUSG00000026354
,ENSMUSG00000039114
,ENSMUSG00000107870
,ENSMUSG00000102685
,ENSMUSG00000094365
,ENSMUSG00000079197
,ENSMUSG00000033191
,ENSMUSG00000121209
,ENSMUSG00000020793
,ENSMUSG00000119990
,ENSMUSG00000026576
,ENSMUSG00000112558
,ENSMUSG00000056124
,ENSMUSG00000032724
,ENSMUSG00000030165
,ENSMUSG00000036256
,ENSMUSG00000094732
,ENSMUSG00000087384
,ENSMUSG00000025170
,ENSMUSG00000029093
,ENSMUSG00000058126
,ENSMUSG00000074457
,ENSMUSG00000023224
,ENSMUSG00000097373
,ENSMUSG00000032131
