{
    "read_files": "[ data/SRR7457557.fastq.gz ]",
    "expected_format": "U",
    "compatible_fragment_ratio": 1.0,
    "num_compatible_fragments": 16224234,
    "num_assigned_fragments": 16224234,
    "num_frags_with_concordant_consistent_mappings": 16682773,
    "num_frags_with_inconsistent_or_orphan_mappings": 0,
    "strand_mapping_bias": 0.4966090469492092,
    "MSF": 0,
    "OSF": 0,
    "ISF": 0,
    "MSR": 0,
    "OSR": 0,
    "ISR": 0,
    "SF": 8284816,
    "SR": 8397957,
    "MU": 0,
    "OU": 0,
    "IU": 0,
    "U": 0
}