{
    "read_files": "[ data/SRR7457552.fastq.gz ]",
    "expected_format": "U",
    "compatible_fragment_ratio": 1.0,
    "num_compatible_fragments": 23743060,
    "num_assigned_fragments": 23743060,
    "num_frags_with_concordant_consistent_mappings": 24503417,
    "num_frags_with_inconsistent_or_orphan_mappings": 0,
    "strand_mapping_bias": 0.49778310510734077,
    "MSF": 0,
    "OSF": 0,
    "ISF": 0,
    "MSR": 0,
    "OSR": 0,
    "ISR": 0,
    "SF": 12197387,
    "SR": 12306030,
    "MU": 0,
    "OU": 0,
    "IU": 0,
    "U": 0
}