{
    "read_files": "[ data/SRR7457555.fastq.gz ]",
    "expected_format": "U",
    "compatible_fragment_ratio": 1.0,
    "num_compatible_fragments": 22490667,
    "num_assigned_fragments": 22490667,
    "num_frags_with_concordant_consistent_mappings": 23132072,
    "num_frags_with_inconsistent_or_orphan_mappings": 0,
    "strand_mapping_bias": 0.497983535586436,
    "MSF": 0,
    "OSF": 0,
    "ISF": 0,
    "MSR": 0,
    "OSR": 0,
    "ISR": 0,
    "SF": 11519391,
    "SR": 11612681,
    "MU": 0,
    "OU": 0,
    "IU": 0,
    "U": 0
}