{
    "read_files": "[ data/SRR7457551.fastq.gz ]",
    "expected_format": "U",
    "compatible_fragment_ratio": 1.0,
    "num_compatible_fragments": 26179175,
    "num_assigned_fragments": 26179175,
    "num_frags_with_concordant_consistent_mappings": 26981694,
    "num_frags_with_inconsistent_or_orphan_mappings": 0,
    "strand_mapping_bias": 0.4981557125360624,
    "MSF": 0,
    "OSF": 0,
    "ISF": 0,
    "MSR": 0,
    "OSR": 0,
    "ISR": 0,
    "SF": 13441085,
    "SR": 13540609,
    "MU": 0,
    "OU": 0,
    "IU": 0,
    "U": 0
}