{
    "read_files": "[ data/SRR7457556.fastq.gz ]",
    "expected_format": "U",
    "compatible_fragment_ratio": 1.0,
    "num_compatible_fragments": 22551100,
    "num_assigned_fragments": 22551100,
    "num_frags_with_concordant_consistent_mappings": 23199025,
    "num_frags_with_inconsistent_or_orphan_mappings": 0,
    "strand_mapping_bias": 0.4978099295121239,
    "MSF": 0,
    "OSF": 0,
    "ISF": 0,
    "MSR": 0,
    "OSR": 0,
    "ISR": 0,
    "SF": 11548705,
    "SR": 11650320,
    "MU": 0,
    "OU": 0,
    "IU": 0,
    "U": 0
}